name,price
Gordon's Dry Gin,35.00
Nordes Gin 700ml,75.00
Sipsmith Sloe Gin,58.00
"Tanqueray Gin Malacca, 700ml",60.00
Monkey 47 DRY Gin,67.00
Monkey 47 Sole Gin,72.00
Bombay Saphire,49.00
Copperhead,72.00
Copperhead Black Batch,72.00
Copperhead Gibson Edition,72.00
Roku gin,56.00
Hendricks,70.00
Botanist,71.00
Komasa (500ml),68.00
Komasa Hojicha (500ml),73.00
Four Pillar Dry,72.00
Four Pillar Navy Strength ,96.00
Four Pillar Shiraz,87.00
Absolut Elyx,71.00
Stolichnaya,33.00
Smirnoff Vodka,33.00
Belvedere,61.00
Grey Goose Vodka,55.00
Tito's Handmade,55.00
Bacardi Light,37.00
Captain Morgans Spiced Rum,47.00
Diplomatico 12yrs Reserva Exclusiva,77.00
Gosling Black Seal Rum,50.00
Charlong Bay,73.30
Appleton Estate Signature ,58.00
Myer’s Dark Rum,45.00
Plantation Pineapple ,62.00
El Dorado Rum,75.00
Sailor Jerry ,48.00
Kraken,57.00
Jose Cuervo Special Gold,41.00
Grand Centenario Anejo,72.00
Machetazo Espadin Mezcal,64.00
Espolon Reposado Tequila,60.00
Elemental Mezcal Artesanal Cerro Nube,70.00
Glenfiddich,72.00
Glenlivet 15 yrs,88.00
Oban 14,100.00
Barton 1792 Small Bat BB,89.00
Aberfeldy 12 Years,108.00
Black Bush,67.00
Elijah Craig,65.00
Jack Daniels,65.00
Suntory the Chita,83.00
Macallan 12yrs,112.00
Lagavulin 16 Years,103.00
Maker’s Mark,60.00
Laphroaig 10yrs,70.00
Laphroig Quarter Cask,74.00
Caol IIa 12 years,80.00
Talisker 10yrs,88.00
Bulleit Rye Whiskey 700ml,67.00
Jim Beam Bourbon,39.00
Kirin Fuji San-Roku Tarunetsu Genshu Blended Whiskey,98.00
Wild Turkey 81 700ml,48.00
Rittenhouse Rye,71.00
Fireball 750ml,68.00
Canadian Club,54.00
Nikka Taketsuru,72.00
Nikka Yoichi Single Malt,95.00
Nikka Miyagikyo Single Malt,88.00
Suntory Whisky Kakubin,53.10
Suntory Whisky Royal 12 years,78.00
Suntory Special Reserve, 88.00
Mars Maltage Cosmo,128.00
Matsui Sakura Cask,131.00
Martell XO,220.00
Armagnac V.S.O.P,65.00
Hennessy X.O,188.00
Courvoisier VSOP,107.00
Le Calvados de Christian Drouin,56.00
Angostura bitters,28.00
Campari,33.00
Carpano Antica Formula,60.00
Cynar Artichoke Bitter,27.00
Fabbri Cocktail Cherries 1250g,29.00
Peychaud's Bitters,20.00
Fee Brother's Aromatic Bitters, 21.00
Lillet Blanc,42.30
Noilly Prat,37.00
Pimm's No.1,32.00
Dom Perignon Brut,205.00
Orion,3.54
Asahi Black,2.88
Evian Still,2.20
Badoit Sparkling,2.20
Olives,23.50
"Fontanafredda Le Fronde, Moscato",25.00
"Graf Johann IV, Riesling",27.00
"Bodegas Taron, Barrel fermented, Rioja",33.00
"Chateau Montaud Rose, Cotes de Provence",39.00
"Allegranza, Tempranillo Shiraz",33.00
"Valvirginio, Chianti Riserva",32.00
"La Chamiza, Polo Professional Malbec",29.00
"Chateau Billeron Bouquey, Saint Emillion 2016",42.00
